"","count","countZero","countNotNA","countNA","completeness","min","max","mean","sd","median","p5th","p30th","p50th","p90th","p95th","q1","q2","q3"
"1",374304,267033,363735,10569,0.971763593229033,0,37.8777186075846,0.112165883518828,0.577924378493062,0,0,0,0,0.132146434485914,0.576559541126092,0,0,0.000220935597705344
