"","count","countZero","countNotNA","countNA","completeness","min","max","mean","sd","median","p5th","p30th","p50th","p90th","p95th","q1","q2","q3"
"1",374304,0,374280,24,0.999935880995127,0.01,8.27,0.0561541599871754,0.11407146990792,0.037,0.017,0.027,0.037,0.097,0.14,0.025,0.037,0.057
